#,#,4,4,4,4,4,4,4,4,4,4,4,4,4,4,4,4,4,4,4,4,4,4,4,4,4,4,4,4,4,4,4,4,4,4,4,4,4,4,4,4,4,4,4,4,4,4,4,4,4,4,4,#,#,
#,7,##,##,##,##,##,##,##,##,##,15,##,##,##,##,##,##,##,14,##,##,##,##,##,##,##,15,##,##,##,##,##,##,##,14,##,##,##,##,##,##,##,15,##,##,##,##,##,##,##,##,###,6,#,
3,###,###,##,##,##,##,##,##,##,##,17,##,##,##,##,##,##,##,19,##,##,##,##,##,##,##,17,##,##,##,##,##,##,##,19,##,##,##,##,##,##,##,17,##,##,##,##,##,##,##,##,###,###,2,
3,###,###,##,##,##,##,##,##,##,8,1,5,##,#,#,#,##,8,1,5,##,#,#,#,##,8,1,5,##,#,#,#,##,8,1,5,##,#,#,#,##,8,1,5,##,##,##,##,##,##,##,###,###,2,
3,###,###,##,##,##,##,##,##,##,2,#,3,##,#,#,#,##,2,#,3,##,#,#,#,##,2,#,3,##,#,#,#,##,2,#,3,##,#,#,#,##,2,#,3,##,##,##,##,##,##,##,###,###,2,
3,###,###,##,##,##,##,##,##,##,2,#,3,##,#,#,#,##,2,#,3,##,#,#,#,##,2,#,3,##,#,#,#,##,2,#,3,##,#,#,#,##,2,#,3,##,##,##,##,##,##,##,###,###,2,
3,###,###,##,##,##,##,##,##,##,M_5,#,3,9,#,#,#,11,M_15,#,3,##,#,#,#,##,M_25,#,3,##,#,#,#,##,M_35,#,3,##,#,#,#,##,M_45,#,3,##,##,##,##,##,##,##,###,###,2,
3,###,###,##,##,##,##,##,##,##,2,#,M_6,##,1,1,1,##,2,#,M_16,9,#,#,#,11,2,#,M_26,9,#,#,#,11,2,#,M_36,9,#,#,#,11,2,#,M_46,##,##,##,##,##,##,##,###,###,2,
3,###,###,##,##,##,##,##,##,##,2,#,3,##,#,#,#,##,2,#,3,##,1,1,1,##,2,#,3,##,1,1,1,##,2,#,3,##,1,1,1,##,2,#,3,##,##,##,##,##,##,##,###,###,2,
3,###,###,##,##,##,##,##,##,##,2,#,3,##,#,#,#,##,2,#,3,##,#,#,#,##,2,#,3,##,#,#,#,##,2,#,3,##,#,#,#,##,2,#,3,##,##,##,##,##,##,##,###,###,2,
3,###,###,##,##,##,##,##,##,##,2,#,3,##,4,4,4,##,2,#,3,##,4,4,4,##,2,#,3,##,4,4,4,##,2,#,3,##,4,4,4,##,2,#,3,##,##,##,##,##,##,##,###,###,2,
3,###,###,##,##,##,##,##,##,##,M_4,#,3,7,#,#,#,6,M_14,#,3,7,#,#,#,6,M_24,#,3,7,#,#,#,6,M_34,#,3,7,#,#,#,6,M_44,#,3,##,##,##,##,##,##,##,###,###,2,
3,###,###,##,##,##,##,##,##,##,2,#,M_7,##,#,#,#,##,2,#,M_17,##,#,#,#,##,2,#,M_27,##,#,#,#,##,2,#,M_37,##,#,#,#,##,2,#,M_47,##,##,##,##,##,##,##,###,###,2,
3,###,###,##,##,##,##,##,##,##,2,#,3,##,#,#,#,##,2,#,3,##,#,#,#,##,2,#,3,##,#,#,#,##,2,#,3,##,#,#,#,##,2,#,3,##,##,##,##,##,##,##,###,###,2,
3,###,###,##,##,##,##,##,##,##,2,#,3,##,#,#,#,##,2,#,3,##,#,#,#,##,2,#,3,##,#,#,#,##,2,#,3,##,#,#,#,##,2,#,3,##,##,##,##,##,##,##,###,###,2,
3,###,###,##,##,##,##,##,##,##,2,#,3,##,#,#,#,##,2,#,3,##,#,#,#,##,2,#,3,##,#,#,#,##,2,#,3,##,#,#,#,##,2,#,3,##,##,##,##,##,##,##,###,###,2,
3,###,###,##,##,##,##,##,##,##,M_3,#,3,##,#,#,#,##,M_13,#,3,##,#,#,#,##,M_23,#,3,##,#,#,#,##,M_33,#,3,##,#,#,#,##,M_43,#,3,##,##,##,##,##,##,##,###,###,2,
3,###,###,##,##,##,##,##,##,##,2,#,M_8,##,#,#,#,##,2,#,M_18,##,#,#,#,##,2,#,M_28,##,#,#,#,##,2,#,M_38,##,#,#,#,##,2,#,M_48,##,##,##,##,##,##,##,###,###,2,
3,###,###,##,##,##,##,##,##,##,2,#,3,##,#,#,#,##,2,#,3,##,#,#,#,##,2,#,3,##,#,#,#,##,2,#,3,##,#,#,#,##,2,#,3,##,##,##,##,##,##,##,###,###,2,
3,###,###,##,##,##,##,##,##,##,2,#,3,##,#,#,#,##,2,#,3,##,#,#,#,##,2,#,3,##,#,#,#,##,2,#,3,##,#,#,#,##,2,#,3,##,##,##,##,##,##,##,###,###,2,
3,###,###,##,##,##,##,##,##,##,2,#,3,##,#,#,#,##,2,#,3,##,#,#,#,##,2,#,3,##,#,#,#,##,2,#,3,##,#,#,#,##,2,#,3,##,##,##,##,##,##,##,###,###,2,
3,###,###,##,##,##,##,##,##,##,M_2,#,3,9,#,#,#,11,M_12,#,3,9,#,#,#,11,M_22,#,3,9,#,#,#,11,M_32,#,3,9,#,#,#,11,M_42,#,3,##,##,##,##,##,##,##,###,###,2,
3,###,###,##,##,##,##,##,##,##,2,#,M_9,##,1,1,1,##,2,#,M_19,##,1,1,1,##,2,#,M_29,##,1,1,1,##,2,#,M_39,##,1,1,1,##,2,#,M_49,##,##,##,##,##,##,##,###,###,2,
3,###,###,##,##,##,##,##,##,##,2,#,3,##,#,#,#,##,2,#,3,##,#,#,#,##,2,#,3,##,#,#,#,##,2,#,3,##,#,#,#,##,2,#,3,##,##,##,##,##,##,##,###,###,2,
3,###,###,##,##,##,##,##,##,##,2,#,3,##,#,#,#,##,2,#,3,##,#,#,#,##,2,#,3,##,#,#,#,##,2,#,3,##,#,#,#,##,2,#,3,##,##,##,##,##,##,##,###,###,2,
3,###,###,##,##,##,##,##,##,##,2,#,3,##,4,4,4,##,2,#,3,##,4,4,4,##,2,#,3,##,4,4,4,##,2,#,3,##,4,4,4,##,2,#,3,##,##,##,##,##,##,##,###,###,2,
3,###,###,##,##,##,##,##,##,##,M_1,#,3,7,#,#,#,6,M_11,#,3,7,#,#,#,6,M_21,#,3,7,#,#,#,6,M_31,#,3,7,#,#,#,6,M_41,#,3,##,##,##,##,##,##,##,###,###,2,
3,###,###,##,##,##,##,##,##,##,2,#,M_10,##,#,#,#,##,2,#,M_20,##,#,#,#,##,2,#,M_30,##,#,#,#,##,2,#,M_40,##,#,#,#,##,2,#,M_50,##,##,##,##,##,##,##,###,###,2,
3,###,###,##,##,##,##,##,##,##,2,#,3,##,#,#,#,##,2,#,3,##,#,#,#,##,2,#,3,##,#,#,#,##,2,#,3,##,#,#,#,##,2,#,3,##,##,##,##,##,##,##,###,###,2,
3,###,###,##,##,##,##,##,##,##,2,#,3,##,#,#,#,##,2,#,3,##,#,#,#,##,2,#,3,##,#,#,#,##,2,#,3,##,#,#,#,##,2,#,3,##,##,##,##,##,##,##,###,###,2,
3,###,###,##,##,##,##,##,##,11,##,##,##,9,##,#,#,11,#,#,#,9,#,#,#,11,#,#,#,9,#,,#,11,#,#,#,9,#,#,#,11,#,#,#,9,##,##,##,##,##,##,###,###,2,
3,###,###,##,8,1,1,1,1,1,1,16,1,1,1,1,1,1,1,13,1,1,1,1,1,1,1,1,1,1,1,1,1,1,1,16,1,1,1,1,1,1,1,13,1,1,1,1,1,1,5,##,###,###,2,
3,9,###,11,2,###,###,###,###,###,19,###,###,###,###,###,###,###,###,###,17,###,###,###,###,###,###,###,###,###,###,###,###,###,19,###,###,###,###,###,###,###,###,###,17,###,###,###,###,###,3,9,###,11,2,
3,###,1,###,2,###,8,1,1,1,1,1,1,1,1,1,1,1,1,1,1,1,1,1,1,1,1,1,1,1,1,1,1,1,1,1,1,1,1,1,1,1,1,1,1,1,1,1,5,###,3,###,1,###,2,
3,###,###,###,2,###,2,###,###,###,###,###,###,###,###,###,###,###,###,###,###,###,###,###,###,###,###,###,###,###,###,###,###,###,###,###,###,###,###,###,###,###,###,###,###,###,###,###,3,###,3,###,###,###,2,
3,###,4,###,2,###,10,4,4,4,4,4,4,4,4,4,4,4,4,4,4,4,4,4,4,4,4,4,4,4,4,4,4,4,4,4,4,4,4,4,4,4,4,4,4,4,4,4,12,###,3,###,4,###,2,
3,7,###,6,2,###,###,###,###,###,###,###,15,###,###,###,###,###,14,###,###,###,###,###,###,###,###,###,###,###,###,###,###,###,###,###,15,###,###,###,###,###,14,###,###,###,###,###,###,###,3,7,###,6,2,
3,###,###,###,10,4,4,4,4,4,4,20,4,4,4,4,4,4,4,18,4,4,4,4,4,4,4,4,4,4,4,4,4,4,4,20,4,4,4,4,4,4,4,18,4,4,4,4,4,4,12,##,###,###,2,
3,###,###,###,#,##,##,##,##,6,#,#,#,7,#,#,#,6,#,#,#,7,#,#,#,6,#,#,#,7,#,#,#,6,#,#,#,7,#,#,#,6,#,#,#,7,##,##,##,##,##,##,###,###,2,
3,###,###,###,#,##,##,##,##,##,2,#,3,##,#,#,#,##,2,#,3,##,#,#,#,##,2,#,3,##,#,#,#,##,2,#,3,##,#,#,#,##,2,#,3,##,##,##,##,##,##,##,###,###,2,
3,###,###,###,#,##,##,##,##,##,2,#,3,##,#,#,#,##,2,#,3,##,#,#,#,##,2,#,3,##,#,#,#,##,2,#,3,##,#,#,#,##,2,#,3,##,##,##,##,##,##,##,###,###,2,
3,###,###,###,#,##,##,##,##,##,M_100,#,3,##,#,#,#,##,M_90,#,3,##,#,#,#,##,M_80,#,3,##,#,#,#,##,M_70,#,3,##,#,#,#,##,M_60,#,3,##,##,##,##,##,##,##,###,###,2,
3,###,###,###,#,##,##,##,##,##,2,#,M_91,9,#,#,#,11,2,#,M_81,9,#,#,#,11,2,#,M_71,9,#,#,#,11,2,#,M_61,9,#,#,#,11,2,#,M_51,##,##,##,##,##,##,##,###,###,2,
3,###,###,###,#,##,##,##,##,##,2,#,3,##,1,1,1,##,2,#,3,##,1,1,1,##,2,#,3,##,1,1,1,##,2,#,3,##,1,1,1,##,2,#,3,##,##,##,##,##,##,##,###,###,2,
3,###,###,###,#,##,##,##,##,##,2,#,3,##,#,#,#,##,2,#,3,##,#,#,#,##,2,#,3,##,#,#,#,##,2,#,3,##,#,#,#,##,2,#,3,##,##,##,##,##,##,##,###,###,2,
3,###,###,###,#,##,##,##,##,##,2,#,3,##,#,#,#,##,2,#,3,##,#,#,#,##,2,#,3,##,#,#,#,##,2,#,3,##,#,#,#,##,2,#,3,##,##,##,##,##,##,##,###,###,2,
3,###,###,###,#,##,##,##,##,##,M_99,#,3,##,4,4,4,##,M_89,#,3,##,4,4,4,##,M_79,#,3,##,4,4,4,##,M_69,#,3,##,4,4,4,##,M_59,#,3,##,##,##,##,##,##,##,###,###,2,
3,###,###,###,#,##,##,##,##,##,2,#,M_92,7,#,#,#,6,2,#,M_82,7,#,#,#,6,2,#,M_72,7,#,#,#,6,2,#,M_62,7,#,#,#,6,2,#,M_52,##,##,##,##,##,##,##,###,###,2,
3,###,###,###,#,##,##,##,##,##,2,#,3,##,#,#,#,##,2,#,3,##,#,#,#,##,2,#,3,##,#,#,#,##,2,#,3,##,#,#,#,##,2,#,3,##,##,##,##,##,##,##,###,###,2,
3,###,###,###,#,##,##,##,##,##,2,#,3,##,#,#,#,##,2,#,3,##,#,#,#,##,2,#,3,##,#,#,#,##,2,#,3,##,#,#,#,##,2,#,3,##,##,##,##,##,##,##,###,###,2,
3,###,###,###,#,##,##,##,##,##,2,#,3,##,#,#,#,##,2,#,3,##,#,#,#,##,2,#,3,##,#,#,#,##,2,#,3,##,#,#,#,##,2,#,3,##,##,##,##,##,##,##,###,###,2,
3,###,###,###,#,##,##,##,##,##,M_98,#,3,##,#,#,#,##,M_88,#,3,##,#,#,#,##,M_78,#,3,##,#,#,#,##,M_68,#,3,##,#,#,#,##,M_58,#,3,##,##,##,##,##,##,##,###,###,2,
3,###,###,###,#,##,##,##,##,##,2,#,M_93,##,#,#,#,##,2,#,M_83,##,#,#,#,##,2,#,M_73,##,#,#,#,##,2,#,M_63,##,#,#,#,##,2,#,M_53,##,##,##,##,##,##,##,###,###,2,
3,###,###,###,#,##,##,##,##,##,2,#,3,##,#,#,#,##,2,#,3,##,#,#,#,##,2,#,3,##,#,#,#,##,2,#,3,##,#,#,#,##,2,#,3,##,##,##,##,##,##,##,###,###,2,
3,###,###,###,#,##,##,##,##,##,2,#,3,##,#,#,#,##,2,#,3,##,#,#,#,##,2,#,3,##,#,#,#,##,2,#,3,##,#,#,#,##,2,#,3,##,##,##,##,##,##,##,###,###,2,
3,###,###,###,#,##,##,##,##,##,2,#,3,##,#,#,#,##,2,#,3,##,#,#,#,##,2,#,3,##,#,#,#,##,2,#,3,##,#,#,#,##,2,#,3,##,##,##,##,##,##,##,###,###,2,
3,###,###,###,#,##,##,##,##,##,M_97,#,3,##,#,#,#,##,M_87,#,3,##,#,#,#,##,M_77,#,3,##,#,#,#,##,M_67,#,3,##,#,#,#,##,M_57,#,3,##,##,##,##,##,##,##,###,###,2,
3,###,###,###,#,##,##,##,##,##,2,#,M_94,9,#,#,#,11,2,#,M_84,9,#,#,#,11,2,#,M_74,9,#,#,#,11,2,#,M_64,9,#,#,#,11,2,#,M_54,##,##,##,##,##,##,##,###,###,2,
3,###,###,###,#,##,##,##,##,##,2,#,3,##,1,1,1,##,2,#,3,##,1,1,1,##,2,#,3,##,1,1,1,##,2,#,3,##,1,1,1,##,2,#,3,##,##,##,##,##,##,##,###,###,2,
3,###,###,###,#,##,##,##,##,##,2,#,3,##,#,#,#,##,2,#,3,##,#,#,#,##,2,#,3,##,#,#,#,##,2,#,3,##,#,#,#,##,2,#,3,##,##,##,##,##,##,##,###,###,2,
3,###,###,###,#,##,##,##,##,##,2,#,3,##,#,#,#,##,2,#,3,##,#,#,#,##,2,#,3,##,#,#,#,##,2,#,3,##,#,#,#,##,2,#,3,##,##,##,##,##,##,##,###,###,2,
3,###,###,###,#,##,##,##,##,##,M_96,#,3,##,4,4,4,##,M_86,#,3,##,4,4,4,##,M_76,#,3,##,4,4,4,##,M_66,#,3,##,4,4,4,##,M_56,#,3,##,##,##,##,##,##,##,###,###,2,
3,###,###,###,#,##,##,##,##,##,2,#,M_95,7,#,#,#,6,2,#,M_85,7,#,#,#,6,2,#,M_75,7,#,#,#,6,2,#,M_65,7,#,#,#,6,2,#,M_55,##,##,##,##,##,##,##,###,###,2,
3,###,###,###,#,##,##,##,##,##,2,#,3,##,#,#,#,##,2,#,3,##,#,#,#,##,2,#,3,##,#,#,#,##,2,#,3,##,#,#,#,##,2,#,3,##,##,##,##,##,##,##,###,###,2,
3,###,###,###,#,##,##,##,##,##,2,#,3,##,#,#,#,##,2,#,3,##,#,#,#,##,2,#,3,##,#,#,#,##,2,#,3,##,#,#,#,##,2,#,3,##,##,##,##,##,##,##,###,###,2,
3,###,###,###,#,##,##,##,##,##,10,4,12,##,#,#,#,##,10,4,12,##,#,#,#,##,10,4,12,##,#,#,#,##,10,4,12,##,#,#,#,##,10,4,12,##,##,##,##,##,##,##,###,###,2,
3,###,###,###,##,##,##,##,##,##,##,14,##,##,##,##,##,##,##,15,##,##,##,##,##,##,##,14,##,##,##,##,##,##,##,15,##,##,##,##,##,##,##,14,##,##,##,##,##,##,##,##,###,###,2,
#,9,###,#,#,#,#,#,#,#,#,19,#,#,#,#,#,#,#,17,#,#,#,#,#,#,#,19,#,#,#,#,#,#,#,17,#,#,#,#,#,#,#,19,#,#,#,#,#,#,#,#,#,11,#,
#,#,1,1,1,1,1,1,1,1,1,1,1,1,1,1,1,1,1,1,1,1,1,1,1,1,1,1,1,1,1,1,1,1,1,1,1,1,1,1,1,1,1,1,1,1,1,1,1,1,1,1,1,#,#,
,,,,,,,,,,,,,,,,,,,,,,,,,,,,,,,,,,,,,,,,,,,,,,,,,,,,,,,
,,,,,,,,,,,,,,,,,,,,,,,,,,,,,,,,,,,,,,,,,,,,,,,,,,,,,,,
,,,,,,,,,,,,,,,,,,,,,,,,,,,,,,,,,,,,,,,,,,,,,,,,,,,,,,,
,,,,,,,,,,,,,,,,,,,,,,,,,,,,,,,,,,,,,,,,,,,,,,,,,,,,,,,
,,,,,,,,,,,,,,,,,,,,,,,,,,,,,,,,,,,,,,,,,,,,,,,,,,,,,,,
,,,,,,,,,,,,,,,,,,,,,,,,,,,,,,,,,,,,,,,,,,,,,,,,,,,,,,,
,,,,,,,,,,,,,,,,,,,,,,,,,,,,,,,,,,,,,,,,,,,,,,,,,,,,,,,
,,,,,,,,,,,,,,,,,,,,,,,,,,,,,,,,,,,,,,,,,,,,,,,,,,,,,,,
